1.jpg;980;654;0
10.jpg;600;338;0
100.jpg;848;480;0
101.jpg;800;450;0
102.jpg;1200;802;0
103.jpg;800;450;0
104.jpg;804;534;0
105.jpg;1200;800;0
107.jpg;3549;2070;0
108.jpg;1200;717;0
109.jpg;690;388;0
11.jpg;1242;810;0
110.jpg;660;371;0
111.jpg;2400;1800;0
112.jpg;660;371;0
113.jpg;1920;1200;0
114.jpg;980;648;0
115.jpg;2400;1800;0
116.jpg;986;554;0
117.jpg;800;448;0
118.jpg;970;430;0
119.jpg;1296;450;0
12.jpg;1200;848;0
120.jpg;900;536;0
121.jpg;640;427;0
122.jpg;1200;800;0
123.jpg;640;480;0
124.jpg;347;270;0
125.jpg;420;315;0
126.jpg;1200;837;0
127.jpg;960;720;0
128.jpg;1254;836;0
129.jpg;615;409;0
13.jpg;720;540;0
130.jpg;770;433;0
131.jpg;800;450;0
132.jpg;1019;552;0
133.jpg;600;400;0
134.jpg;640;426;0
135.jpg;770;433;0
136.jpg;1280;720;0
137.jpg;760;305;0
138.jpg;720;480;0
139.jpg;1024;576;0
14.jpg;900;600;0
140.jpg;300;300;0
141.jpg;834;416;0
142.jpg;1068;623;0
143.jpg;1100;733;0
144.jpg;670;446;0
145.jpg;2500;1666;0
146.jpg;800;450;0
147.jpg;810;455;0
148.jpg;760;500;0
149.jpg;615;409;0
15.jpg;3200;1680;0
150.jpg;640;400;0
152.jpg;929;619;0
153.jpg;640;427;0
154.jpg;1140;712;0
155.jpg;651;366;0
156.jpg;615;409;0
157.jpg;770;440;0
158.jpg;800;533;0
159.jpg;700;467;0
16.jpg;1200;805;0
160.jpg;640;424;0
161.jpg;907;510;0
162.jpg;1200;800;0
163.jpg;1086;815;0
164.jpg;480;240;0
165.jpg;790;520;0
166.jpg;931;524;0
167.jpg;534;401;0
168.jpg;613;920;0
169.jpg;3200;1680;0
171.jpg;460;230;0
172.jpg;250;333;0
173.jpg;400;300;0
174.jpg;350;234;0
175.jpg;1500;1125;0
177.jpg;680;381;0
178.jpg;2000;1167;0
179.jpg;1280;960;0
18.jpg;800;450;0
180.jpg;2000;1563;0
181.jpg;371;277;0
183.jpg;678;381;0
184.jpg;1280;854;0
185.jpg;580;370;0
186.jpg;1798;1200;0
187.jpg;800;600;0
188.jpg;986;555;0
189.jpg;960;541;0
19.jpg;720;405;0
192.jpg;4256;2832;0
193.jpg;365;205;0
194.jpg;900;600;0
195.jpg;1200;800;0
196.jpg;968;681;0
197.jpg;768;432;0
198.jpg;3200;1680;0
199.jpg;600;400;0
2.jpg;1000;600;0
20.jpg;800;600;0
200.jpg;780;439;0
201.jpg;800;480;0
202.jpg;615;409;0
203.jpg;800;503;0
204.jpg;800;450;0
205.jpg;1200;736;0
206.jpg;3000;2268;0
207.jpg;939;600;0
208.jpg;1200;800;0
209.jpg;1200;628;0
21.jpg;700;307;0
210.jpg;940;705;0
211.jpg;959;357;0
212.jpg;920;690;0
213.jpg;4200;2800;0
214.jpg;640;360;0
215.jpg;1200;628;0
216.jpg;420;240;0
217.jpg;371;277;0
218.jpg;800;600;0
219.jpg;1200;798;0
22.jpg;526;349;0
220.jpg;1200;628;0
221.jpg;615;409;0
222.jpg;800;450;0
223.jpg;300;180;0
224.jpg;1000;662;0
225.jpg;800;532;0
226.jpg;1500;1000;0
227.jpg;1200;1587;0
229.jpg;600;400;0
23.jpg;690;511;0
230.jpg;660;371;0
231.jpg;1200;800;0
232.jpg;960;480;0
233.jpg;1920;1080;0
234.jpg;1920;1440;0
235.jpg;1200;800;0
236.jpg;900;600;0
237.jpg;980;653;0
238.jpg;1337;1569;0
239.jpg;690;411;0
24.jpg;1600;800;0
240.jpg;800;450;0
241.jpg;300;180;0
242.jpg;790;523;0
243.jpg;640;376;0
244.jpg;800;535;0
245.jpg;900;596;0
246.jpg;615;409;0
247.jpg;609;774;0
248.jpg;420;240;0
249.jpg;1200;800;0
25.jpg;540;405;0
250.jpg;800;450;0
251.jpg;540;388;0
252.jpg;690;387;0
253.jpg;5760;3840;0
254.jpg;644;354;0
255.jpg;1200;800;0
256.jpg;1200;800;0
257.jpg;400;256;0
258.jpg;1185;627;0
259.jpg;960;540;0
26.jpg;400;225;0
260.jpg;2000;1404;0
261.jpg;863;396;0
262.jpg;652;367;0
263.jpg;640;480;0
264.jpg;819;557;0
265.jpg;960;540;0
266.jpg;626;430;0
267.jpg;1300;867;0
268.jpg;1200;720;0
269.jpg;800;535;0
27.jpg;640;400;0
270.jpg;1000;666;0
271.jpg;1280;720;0
272.jpg;615;409;0
274.jpg;225;300;0
275.jpg;1280;720;0
276.jpg;3000;2000;0
277.jpg;616;524;0
278.jpg;1500;1000;0
279.jpg;626;430;0
28.jpg;1410;520;0
280.jpg;800;570;0
281.jpg;1400;734;0
282.jpg;700;376;0
283.jpg;845;564;0
284.jpg;300;202;0
285.jpg;2996;1693;0
286.jpg;690;388;0
287.jpg;800;450;0
288.jpg;400;225;0
289.jpg;1200;731;0
29.jpg;1236;683;0
290.jpg;900;601;0
291.jpg;1200;900;0
292.jpg;1280;720;0
293.jpg;768;1024;0
294.jpg;400;225;0
295.jpg;800;535;0
296.jpg;1200;675;0
297.jpg;720;480;0
298.jpg;400;225;0
299.jpg;1200;1600;0
3.jpg;300;200;0
30.jpg;325;216;0
300.jpg;804;534;0
301.jpg;1224;720;0
302.jpg;678;381;0
303.jpg;1200;820;0
304.jpg;650;857;0
305.jpg;2400;1456;0
306.jpg;845;563;0
307.jpg;770;440;0
308.jpg;680;382;0
309.jpg;600;338;0
31.jpg;371;277;0
310.jpg;700;467;0
311.jpg;1500;844;0
312.jpg;960;645;0
313.jpg;400;225;0
314.jpg;900;506;0
315.jpg;600;338;0
316.jpg;800;450;0
317.jpg;968;681;0
318.jpg;770;433;0
319.jpg;780;439;0
32.jpg;780;439;0
321.jpg;620;349;0
322.jpg;1400;932;0
323.jpg;300;195;0
324.jpg;1240;480;0
325.jpg;3200;1680;0
326.jpg;635;358;0
327.jpg;1774;2365;0
328.jpg;1500;1000;0
329.jpg;742;417;0
33.jpg;590;350;0
34.jpg;960;640;0
35.jpg;1200;630;0
36.jpg;770;433;0
37.jpg;1128;752;0
38.jpg;700;467;0
39.jpg;4608;3072;0
4.jpg;810;607;0
42.jpg;1200;1579;0
43.jpg;1774;998;0
44.jpg;1140;712;0
45.jpg;465;262;0
46.jpg;905;475;0
47.jpg;300;225;0
48.jpg;726;484;0
49.jpg;1280;720;0
5.jpg;300;200;0
50.jpg;1200;800;0
51.jpg;590;350;0
52.jpg;960;540;0
53.jpg;800;450;0
54.jpg;720;480;0
55.jpg;300;225;0
56.jpg;534;712;0
57.jpg;400;300;0
58.jpg;750;422;0
59.jpg;615;409;0
6.jpg;620;349;0
60.jpg;833;417;0
61.jpg;615;409;0
62.jpg;615;335;0
63.jpg;960;483;0
64.jpg;1186;600;0
65.jpg;634;423;0
66.jpg;770;433;0
67.jpg;570;760;0
68.jpg;667;500;0
69.jpg;1199;674;0
7.jpg;420;279;0
70.jpg;4032;3024;0
71.jpg;267;226;0
72.jpg;650;400;0
73.jpg;1024;678;0
74.jpg;780;439;0
75.jpg;1875;2500;0
76.jpg;300;199;0
77.jpg;900;600;0
78.jpg;1024;497;0
79.jpg;920;690;0
8.jpg;618;410;0
80.jpg;705;393;0
81.jpg;640;360;0
82.jpg;1620;1080;0
83.jpg;1200;800;0
84.jpg;1280;720;0
85.jpg;930;590;0
86.jpg;169;225;0
87.jpg;690;388;0
88.jpg;992;558;0
89.jpg;1200;815;0
9.jpg;1280;720;0
90.jpg;1024;768;0
91.jpg;534;401;0
92.jpg;620;373;0
93.jpg;960;640;0
94.jpg;640;435;0
95.jpg;400;225;0
96.jpg;800;479;0
97.jpg;986;555;0
98.jpg;2048;1365;0
99.jpg;1200;1591;0
1.jpg;280;150;1
10.jpg;870;290;1
100.jpg;640;480;1
101.jpg;1024;680;1
102.jpg;768;512;1
103.jpg;626;417;1
104.jpg;1023;683;1
105.jpg;400;400;1
106.jpg;678;381;1
107.jpg;1583;500;1
108.jpg;590;350;1
11.jpg;750;563;1
110.jpg;690;377;1
111.jpg;170;227;1
112.jpg;660;440;1
113.jpg;800;563;1
114.jpg;966;640;1
116.jpg;480;480;1
117.jpg;425;282;1
118.jpg;640;480;1
119.jpg;792;527;1
12.jpg;800;370;1
120.jpg;550;309;1
121.jpg;900;600;1
122.jpg;1600;472;1
123.jpg;710;355;1
124.jpg;1000;430;1
125.jpg;1002;382;1
126.jpg;864;864;1
127.jpg;770;433;1
128.jpg;1300;957;1
129.jpg;626;417;1
13.jpg;600;337;1
130.jpg;1024;768;1
131.jpg;750;350;1
132.jpg;1200;800;1
133.jpg;1600;884;1
134.jpg;700;394;1
135.jpg;600;400;1
136.jpg;720;959;1
137.jpg;1280;720;1
138.jpg;1200;1200;1
139.jpg;870;470;1
14.jpg;4032;3024;1
140.jpg;892;286;1
141.jpg;500;333;1
142.jpg;1170;293;1
143.jpg;900;450;1
144.jpg;859;644;1
145.jpg;620;464;1
146.jpg;2250;1499;1
147.jpg;780;600;1
148.jpg;1200;900;1
149.jpg;960;720;1
15.jpg;1024;768;1
150.jpg;626;417;1
151.jpg;1634;817;1
152.jpg;600;338;1
153.jpg;1280;960;1
154.jpg;1000;810;1
155.jpg;1000;430;1
156.jpg;1017;678;1
157.jpg;256;250;1
158.jpg;1280;788;1
159.jpg;1024;768;1
16.jpg;5184;3456;1
160.jpg;800;450;1
161.jpg;480;360;1
162.jpg;550;413;1
163.jpg;1024;768;1
164.jpg;1300;955;1
165.jpg;1500;670;1
166.jpg;600;300;1
167.jpg;942;319;1
168.jpg;770;433;1
169.jpg;640;320;1
17.jpg;1000;666;1
170.jpg;2500;1667;1
171.jpg;504;378;1
172.jpg;626;417;1
173.jpg;1024;656;1
174.jpg;750;499;1
175.jpg;894;704;1
176.jpg;640;480;1
177.jpg;600;450;1
178.jpg;600;470;1
179.jpg;900;506;1
18.jpg;620;350;1
180.jpg;1920;992;1
181.jpg;512;341;1
182.jpg;627;416;1
183.jpg;550;367;1
184.jpg;640;265;1
185.jpg;410;205;1
186.jpg;863;1300;1
187.jpg;950;490;1
188.jpg;738;541;1
19.jpg;768;576;1
190.jpg;480;480;1
191.jpg;1800;1200;1
192.jpg;380;217;1
193.jpg;986;555;1
194.jpg;1023;677;1
195.jpg;600;420;1
196.jpg;690;410;1
197.jpg;390;351;1
198.jpg;2048;1538;1
199.jpg;630;339;1
2.jpg;900;461;1
20.jpg;1820;1070;1
200.jpg;1346;882;1
202.jpg;200;267;1
203.jpg;1024;768;1
204.jpg;1140;507;1
205.jpg;1356;1698;1
206.jpg;620;464;1
207.jpg;1080;1350;1
208.jpg;1272;848;1
21.jpg;1300;956;1
211.jpg;470;370;1
212.jpg;624;351;1
213.jpg;500;236;1
214.jpg;907;510;1
215.jpg;660;371;1
216.jpg;1280;794;1
217.jpg;609;419;1
218.jpg;253;380;1
219.jpg;479;381;1
22.jpg;430;322;1
220.jpg;700;525;1
221.jpg;530;354;1
222.jpg;1000;665;1
223.jpg;1200;900;1
224.jpg;640;427;1
225.jpg;810;350;1
227.jpg;770;433;1
228.jpg;300;180;1
229.jpg;640;478;1
23.jpg;689;417;1
230.jpg;1200;800;1
231.jpg;660;372;1
232.jpg;907;510;1
233.jpg;1280;410;1
234.jpg;1880;1251;1
235.jpg;1067;1700;1
236.jpg;2000;1529;1
237.jpg;2560;1145;1
239.jpg;384;288;1
24.jpg;580;370;1
240.jpg;650;480;1
241.jpg;450;350;1
242.jpg;450;450;1
243.jpg;1038;649;1
244.jpg;765;300;1
245.jpg;1300;956;1
246.jpg;1200;900;1
247.jpg;300;421;1
249.jpg;624;351;1
25.jpg;486;271;1
250.jpg;1920;1200;1
251.jpg;1280;720;1
252.jpg;1600;900;1
253.jpg;586;543;1
254.jpg;1280;720;1
255.jpg;800;450;1
256.jpg;1600;1167;1
257.jpg;300;300;1
258.jpg;640;480;1
259.jpg;1049;699;1
26.jpg;640;354;1
260.jpg;700;438;1
261.jpg;1800;1100;1
262.jpg;620;413;1
263.jpg;500;375;1
264.jpg;600;338;1
265.jpg;1165;655;1
266.jpg;1500;1120;1
267.jpg;425;282;1
268.jpg;1300;956;1
269.jpg;1300;956;1
27.jpg;1280;959;1
270.jpg;500;375;1
271.jpg;500;452;1
272.jpg;400;267;1
273.jpg;600;337;1
274.jpg;900;1200;1
275.jpg;1500;1120;1
276.jpg;623;413;1
277.jpg;1080;608;1
278.jpg;1200;900;1
279.jpg;1024;681;1
28.jpg;640;480;1
280.jpg;842;486;1
281.jpg;640;480;1
282.jpg;1336;752;1
283.jpg;680;1024;1
284.jpg;1200;798;1
285.jpg;960;640;1
286.jpg;945;680;1
287.jpg;960;720;1
288.jpg;1300;956;1
289.jpg;1124;749;1
29.jpg;1000;694;1
290.jpg;1008;606;1
291.jpg;700;800;1
292.jpg;3264;2448;1
293.jpg;1024;683;1
294.jpg;550;366;1
295.jpg;550;413;1
296.jpg;1900;1263;1
297.jpg;1080;810;1
299.jpg;960;540;1
3.jpg;1280;720;1
30.jpg;550;413;1
300.jpg;1100;618;1
301.jpg;640;430;1
302.jpg;820;439;1
304.jpg;900;418;1
305.jpg;390;363;1
306.jpg;2400;1554;1
307.jpg;770;439;1
308.jpg;1500;989;1
309.jpg;920;500;1
31.jpg;1180;842;1
310.jpg;1600;486;1
311.jpg;1189;669;1
312.jpg;1080;675;1
313.jpg;620;464;1
314.jpg;1010;400;1
315.jpg;600;338;1
316.jpg;3648;2736;1
317.jpg;770;445;1
318.jpg;2060;1373;1
319.jpg;1024;678;1
32.jpg;900;533;1
320.jpg;920;690;1
321.jpg;660;371;1
322.jpg;1024;768;1
323.jpg;1024;410;1
324.jpg;620;387;1
325.jpg;1280;851;1
326.jpg;875;652;1
327.jpg;1600;600;1
328.jpg;640;321;1
329.jpg;744;528;1
33.jpg;670;335;1
330.jpg;620;464;1
331.jpg;1024;768;1
332.jpg;550;413;1
333.jpg;1365;2048;1
334.jpg;2400;1601;1
335.jpg;4320;3240;1
336.jpg;660;450;1
337.jpg;300;225;1
338.jpg;820;439;1
339.jpg;810;506;1
34.jpg;800;445;1
340.jpg;624;468;1
341.jpg;1200;560;1
342.jpg;680;455;1
343.jpg;1600;840;1
344.jpg;369;277;1
345.jpg;926;519;1
346.jpg;900;450;1
347.jpg;1366;912;1
348.jpg;1440;810;1
349.jpg;1024;663;1
35.jpg;660;440;1
350.jpg;767;431;1
351.jpg;640;417;1
352.jpg;626;430;1
36.jpg;620;330;1
37.jpg;780;584;1
38.jpg;900;386;1
39.jpg;1280;853;1
4.jpg;744;389;1
40.jpg;1200;630;1
41.jpg;2560;1600;1
42.jpg;792;527;1
43.jpg;770;513;1
44.jpg;410;231;1
45.jpg;1200;630;1
46.jpg;500;316;1
47.jpg;678;381;1
48.jpg;1280;960;1
49.jpg;400;275;1
5.jpg;3200;2400;1
50.jpg;950;546;1
51.jpg;1200;800;1
52.jpg;986;555;1
53.jpg;1323;405;1
54.jpg;600;450;1
55.jpg;900;600;1
56.jpg;500;330;1
57.jpg;630;339;1
58.jpg;750;500;1
59.jpg;810;506;1
6.jpg;3878;2907;1
60.jpg;600;337;1
61.jpg;1060;660;1
63.jpg;1080;720;1
64.jpg;660;495;1
66.jpg;850;567;1
67.jpg;1800;530;1
68.jpg;820;439;1
69.jpg;160;120;1
7.jpg;1300;1065;1
70.jpg;850;570;1
71.jpg;1000;420;1
72.jpg;410;230;1
73.jpg;3840;2160;1
74.jpg;640;480;1
75.jpg;1920;1440;1
76.jpg;478;478;1
77.jpg;902;492;1
78.jpg;700;416;1
79.jpg;1360;585;1
8.jpg;1024;684;1
80.jpg;1700;1000;1
81.jpg;1000;526;1
82.jpg;525;564;1
83.jpg;980;273;1
84.jpg;1200;800;1
85.jpg;3000;3000;1
87.jpg;1100;618;1
88.jpg;650;366;1
89.jpg;450;300;1
9.jpg;1920;1080;1
90.jpg;1000;602;1
91.jpg;1920;525;1
92.jpg;320;212;1
93.jpg;643;454;1
94.jpg;800;485;1
95.jpg;5760;3840;1
96.jpg;500;500;1
97.jpg;1170;500;1
98.jpg;1600;1000;1
99.jpg;768;432;1
